doc_id,customer_id,document_type,document_status,submission_date,verified_date
DOC0001,CUST001,Certificate of Incorporation,Verified,2026-06-25,2026-06-27
DOC0002,CUST001,Business Registration,Verified,2026-06-25,2026-06-30
DOC0003,CUST001,Shareholder Register,Verified,2026-06-27,2026-07-01
DOC0004,CUST001,UBO Declaration,Verified,2026-06-23,2026-06-24
DOC0005,CUST001,Proof of Address,Verified,2026-06-25,2026-06-28
DOC0006,CUST002,Certificate of Incorporation,Rejected,2026-07-04,
DOC0007,CUST002,Business Registration,Pending,2026-07-09,
DOC0008,CUST002,Shareholder Register,Verified,2026-07-05,2026-07-08
DOC0009,CUST002,UBO Declaration,Rejected,2026-07-06,
DOC0010,CUST002,Proof of Address,Verified,2026-07-07,2026-07-10
DOC0011,CUST003,Certificate of Incorporation,Verified,2026-07-11,2026-07-14
DOC0012,CUST003,Business Registration,Verified,2026-07-10,2026-07-11
DOC0013,CUST003,Shareholder Register,Verified,2026-07-10,2026-07-12
DOC0014,CUST003,UBO Declaration,Verified,2026-07-03,2026-07-05
DOC0015,CUST003,Proof of Address,Verified,2026-07-08,2026-07-12
DOC0016,CUST004,Certificate of Incorporation,Verified,2026-04-29,2026-05-01
DOC0017,CUST004,Business Registration,Verified,2026-04-28,2026-05-02
DOC0018,CUST004,Shareholder Register,Pending,2026-04-28,
DOC0019,CUST004,UBO Declaration,Rejected,2026-04-21,
DOC0020,CUST004,Proof of Address,Rejected,2026-04-22,
DOC0021,CUST005,Certificate of Incorporation,Verified,2026-06-04,2026-06-06
DOC0022,CUST005,Business Registration,Verified,2026-06-06,2026-06-08
DOC0023,CUST005,Shareholder Register,Verified,2026-06-04,2026-06-09
DOC0024,CUST005,UBO Declaration,Verified,2026-06-05,2026-06-09
DOC0025,CUST005,Proof of Address,Verified,2026-06-08,2026-06-13
DOC0026,CUST006,Certificate of Incorporation,Pending,2026-05-23,
DOC0027,CUST006,Business Registration,Rejected,2026-05-24,
DOC0028,CUST006,Shareholder Register,Verified,2026-05-26,2026-05-29
DOC0029,CUST006,UBO Declaration,Rejected,2026-05-23,
DOC0030,CUST006,Proof of Address,Verified,2026-05-25,2026-05-28
DOC0031,CUST007,Certificate of Incorporation,Verified,2026-07-04,2026-07-07
DOC0032,CUST007,Business Registration,Verified,2026-07-03,2026-07-04
DOC0033,CUST007,Shareholder Register,Rejected,2026-07-03,
DOC0034,CUST007,UBO Declaration,Verified,2026-07-05,2026-07-06
DOC0035,CUST007,Proof of Address,Pending,2026-07-08,
DOC0036,CUST008,Certificate of Incorporation,Pending,2026-04-28,
DOC0037,CUST008,Business Registration,Verified,2026-04-29,2026-05-01
DOC0038,CUST008,Shareholder Register,Verified,2026-05-03,2026-05-06
DOC0039,CUST008,UBO Declaration,Rejected,2026-05-05,
DOC0040,CUST008,Proof of Address,Pending,2026-05-04,
DOC0041,CUST009,Certificate of Incorporation,Verified,2026-04-15,2026-04-18
DOC0042,CUST009,Business Registration,Verified,2026-04-07,2026-04-09
DOC0043,CUST009,Shareholder Register,Rejected,2026-04-10,
DOC0044,CUST009,UBO Declaration,Verified,2026-04-09,2026-04-12
DOC0045,CUST009,Proof of Address,Verified,2026-04-08,2026-04-11
DOC0046,CUST010,Certificate of Incorporation,Verified,2026-03-18,2026-03-23
DOC0047,CUST010,Business Registration,Verified,2026-03-20,2026-03-23
DOC0048,CUST010,Shareholder Register,Verified,2026-03-18,2026-03-19
DOC0049,CUST010,UBO Declaration,Pending,2026-03-26,
DOC0050,CUST010,Proof of Address,Verified,2026-03-22,2026-03-24
DOC0051,CUST011,Certificate of Incorporation,Verified,2026-04-22,2026-04-23
DOC0052,CUST011,Business Registration,Rejected,2026-04-15,
DOC0053,CUST011,Shareholder Register,Rejected,2026-04-24,
DOC0054,CUST011,UBO Declaration,Verified,2026-04-19,2026-04-23
DOC0055,CUST011,Proof of Address,Verified,2026-04-22,2026-04-26
DOC0056,CUST012,Certificate of Incorporation,Rejected,2026-04-16,
DOC0057,CUST012,Business Registration,Verified,2026-04-13,2026-04-14
DOC0058,CUST012,Shareholder Register,Verified,2026-04-15,2026-04-19
DOC0059,CUST012,UBO Declaration,Verified,2026-04-12,2026-04-13
DOC0060,CUST012,Proof of Address,Pending,2026-04-17,
DOC0061,CUST013,Certificate of Incorporation,Rejected,2026-06-11,
DOC0062,CUST013,Business Registration,Verified,2026-06-05,2026-06-10
DOC0063,CUST013,Shareholder Register,Verified,2026-06-04,2026-06-06
DOC0064,CUST013,UBO Declaration,Verified,2026-06-06,2026-06-11
DOC0065,CUST013,Proof of Address,Verified,2026-06-08,2026-06-09
DOC0066,CUST014,Certificate of Incorporation,Verified,2026-04-18,2026-04-19
DOC0067,CUST014,Business Registration,Pending,2026-04-23,
DOC0068,CUST014,Shareholder Register,Verified,2026-04-21,2026-04-26
DOC0069,CUST014,UBO Declaration,Verified,2026-04-24,2026-04-29
DOC0070,CUST014,Proof of Address,Verified,2026-04-18,2026-04-23
DOC0071,CUST015,Certificate of Incorporation,Verified,2026-07-07,2026-07-11
DOC0072,CUST015,Business Registration,Verified,2026-07-08,2026-07-11
DOC0073,CUST015,Shareholder Register,Verified,2026-07-10,2026-07-14
DOC0074,CUST015,UBO Declaration,Verified,2026-07-05,2026-07-10
DOC0075,CUST015,Proof of Address,Verified,2026-07-10,2026-07-11
DOC0076,CUST016,Certificate of Incorporation,Verified,2026-03-20,2026-03-21
DOC0077,CUST016,Business Registration,Pending,2026-03-14,
DOC0078,CUST016,Shareholder Register,Pending,2026-03-14,
DOC0079,CUST016,UBO Declaration,Verified,2026-03-15,2026-03-16
DOC0080,CUST016,Proof of Address,Verified,2026-03-13,2026-03-15
DOC0081,CUST017,Certificate of Incorporation,Verified,2026-03-12,2026-03-17
DOC0082,CUST017,Business Registration,Verified,2026-03-11,2026-03-13
DOC0083,CUST017,Shareholder Register,Pending,2026-03-10,
DOC0084,CUST017,UBO Declaration,Pending,2026-03-16,
DOC0085,CUST017,Proof of Address,Verified,2026-03-17,2026-03-22
DOC0086,CUST018,Certificate of Incorporation,Verified,2026-04-08,2026-04-11
DOC0087,CUST018,Business Registration,Verified,2026-04-01,2026-04-03
DOC0088,CUST018,Shareholder Register,Verified,2026-04-05,2026-04-08
DOC0089,CUST018,UBO Declaration,Rejected,2026-04-08,
DOC0090,CUST018,Proof of Address,Verified,2026-04-02,2026-04-04
DOC0091,CUST019,Certificate of Incorporation,Verified,2026-05-24,2026-05-29
DOC0092,CUST019,Business Registration,Verified,2026-05-23,2026-05-27
DOC0093,CUST019,Shareholder Register,Verified,2026-05-21,2026-05-26
DOC0094,CUST019,UBO Declaration,Verified,2026-05-23,2026-05-25
DOC0095,CUST019,Proof of Address,Verified,2026-05-24,2026-05-26
DOC0096,CUST020,Certificate of Incorporation,Rejected,2026-06-30,
DOC0097,CUST020,Business Registration,Pending,2026-06-29,
DOC0098,CUST020,Shareholder Register,Rejected,2026-07-01,
DOC0099,CUST020,UBO Declaration,Verified,2026-07-03,2026-07-08
DOC0100,CUST020,Proof of Address,Verified,2026-07-08,2026-07-11
DOC0101,CUST021,Certificate of Incorporation,Verified,2026-07-04,2026-07-05
DOC0102,CUST021,Business Registration,Rejected,2026-07-04,
DOC0103,CUST021,Shareholder Register,Verified,2026-07-01,2026-07-05
DOC0104,CUST021,UBO Declaration,Verified,2026-07-01,2026-07-06
DOC0105,CUST021,Proof of Address,Verified,2026-07-05,2026-07-09
DOC0106,CUST022,Certificate of Incorporation,Verified,2026-05-03,2026-05-04
DOC0107,CUST022,Business Registration,Pending,2026-05-05,
DOC0108,CUST022,Shareholder Register,Pending,2026-04-26,
DOC0109,CUST022,UBO Declaration,Pending,2026-05-02,
DOC0110,CUST022,Proof of Address,Pending,2026-05-01,
DOC0111,CUST023,Certificate of Incorporation,Pending,2026-06-07,
DOC0112,CUST023,Business Registration,Verified,2026-06-02,2026-06-03
DOC0113,CUST023,Shareholder Register,Verified,2026-05-30,2026-06-01
DOC0114,CUST023,UBO Declaration,Verified,2026-06-07,2026-06-12
DOC0115,CUST023,Proof of Address,Verified,2026-05-29,2026-06-01
DOC0116,CUST024,Certificate of Incorporation,Verified,2026-03-24,2026-03-25
DOC0117,CUST024,Business Registration,Verified,2026-03-17,2026-03-21
DOC0118,CUST024,Shareholder Register,Pending,2026-03-23,
DOC0119,CUST024,UBO Declaration,Verified,2026-03-22,2026-03-25
DOC0120,CUST024,Proof of Address,Pending,2026-03-17,
DOC0121,CUST025,Certificate of Incorporation,Pending,2026-07-01,
DOC0122,CUST025,Business Registration,Verified,2026-06-28,2026-07-02
DOC0123,CUST025,Shareholder Register,Pending,2026-06-23,
DOC0124,CUST025,UBO Declaration,Pending,2026-06-29,
DOC0125,CUST025,Proof of Address,Pending,2026-06-27,
DOC0126,CUST026,Certificate of Incorporation,Verified,2026-04-05,2026-04-08
DOC0127,CUST026,Business Registration,Verified,2026-04-04,2026-04-05
DOC0128,CUST026,Shareholder Register,Verified,2026-04-01,2026-04-04
DOC0129,CUST026,UBO Declaration,Verified,2026-04-05,2026-04-09
DOC0130,CUST026,Proof of Address,Verified,2026-04-03,2026-04-07
DOC0131,CUST027,Certificate of Incorporation,Pending,2026-07-11,
DOC0132,CUST027,Business Registration,Verified,2026-07-03,2026-07-07
DOC0133,CUST027,Shareholder Register,Verified,2026-07-04,2026-07-07
DOC0134,CUST027,UBO Declaration,Pending,2026-07-07,
DOC0135,CUST027,Proof of Address,Verified,2026-07-08,2026-07-09
DOC0136,CUST028,Certificate of Incorporation,Rejected,2026-06-11,
DOC0137,CUST028,Business Registration,Pending,2026-06-13,
DOC0138,CUST028,Shareholder Register,Verified,2026-06-05,2026-06-10
DOC0139,CUST028,UBO Declaration,Verified,2026-06-12,2026-06-16
DOC0140,CUST028,Proof of Address,Verified,2026-06-05,2026-06-07
DOC0141,CUST029,Certificate of Incorporation,Verified,2026-05-06,2026-05-09
DOC0142,CUST029,Business Registration,Verified,2026-05-07,2026-05-11
DOC0143,CUST029,Shareholder Register,Verified,2026-05-05,2026-05-06
DOC0144,CUST029,UBO Declaration,Verified,2026-05-01,2026-05-04
DOC0145,CUST029,Proof of Address,Verified,2026-05-06,2026-05-08
DOC0146,CUST030,Certificate of Incorporation,Verified,2026-06-06,2026-06-10
DOC0147,CUST030,Business Registration,Verified,2026-06-09,2026-06-10
DOC0148,CUST030,Shareholder Register,Verified,2026-06-02,2026-06-07
DOC0149,CUST030,UBO Declaration,Pending,2026-06-05,
DOC0150,CUST030,Proof of Address,Verified,2026-06-04,2026-06-07
DOC0151,CUST031,Certificate of Incorporation,Verified,2026-04-19,2026-04-20
DOC0152,CUST031,Business Registration,Verified,2026-04-19,2026-04-23
DOC0153,CUST031,Shareholder Register,Verified,2026-04-12,2026-04-14
DOC0154,CUST031,UBO Declaration,Verified,2026-04-12,2026-04-16
DOC0155,CUST031,Proof of Address,Pending,2026-04-12,
DOC0156,CUST032,Certificate of Incorporation,Verified,2026-06-09,2026-06-13
DOC0157,CUST032,Business Registration,Verified,2026-06-11,2026-06-16
DOC0158,CUST032,Shareholder Register,Verified,2026-06-11,2026-06-15
DOC0159,CUST032,UBO Declaration,Verified,2026-06-14,2026-06-18
DOC0160,CUST032,Proof of Address,Verified,2026-06-10,2026-06-14
DOC0161,CUST033,Certificate of Incorporation,Pending,2026-06-14,
DOC0162,CUST033,Business Registration,Verified,2026-06-08,2026-06-12
DOC0163,CUST033,Shareholder Register,Verified,2026-06-09,2026-06-14
DOC0164,CUST033,UBO Declaration,Verified,2026-06-14,2026-06-16
DOC0165,CUST033,Proof of Address,Pending,2026-06-07,
DOC0166,CUST034,Certificate of Incorporation,Verified,2026-07-01,2026-07-05
DOC0167,CUST034,Business Registration,Verified,2026-07-02,2026-07-07
DOC0168,CUST034,Shareholder Register,Verified,2026-07-01,2026-07-02
DOC0169,CUST034,UBO Declaration,Verified,2026-07-01,2026-07-04
DOC0170,CUST034,Proof of Address,Verified,2026-07-06,2026-07-11
DOC0171,CUST035,Certificate of Incorporation,Pending,2026-06-07,
DOC0172,CUST035,Business Registration,Verified,2026-06-02,2026-06-06
DOC0173,CUST035,Shareholder Register,Verified,2026-06-08,2026-06-12
DOC0174,CUST035,UBO Declaration,Verified,2026-06-05,2026-06-08
DOC0175,CUST035,Proof of Address,Verified,2026-06-08,2026-06-13
DOC0176,CUST036,Certificate of Incorporation,Pending,2026-05-12,
DOC0177,CUST036,Business Registration,Verified,2026-05-13,2026-05-16
DOC0178,CUST036,Shareholder Register,Verified,2026-05-09,2026-05-11
DOC0179,CUST036,UBO Declaration,Verified,2026-05-15,2026-05-19
DOC0180,CUST036,Proof of Address,Verified,2026-05-09,2026-05-13
DOC0181,CUST037,Certificate of Incorporation,Verified,2026-06-23,2026-06-26
DOC0182,CUST037,Business Registration,Rejected,2026-06-30,
DOC0183,CUST037,Shareholder Register,Verified,2026-06-29,2026-07-03
DOC0184,CUST037,UBO Declaration,Verified,2026-06-25,2026-06-29
DOC0185,CUST037,Proof of Address,Pending,2026-06-23,
DOC0186,CUST038,Certificate of Incorporation,Pending,2026-03-19,
DOC0187,CUST038,Business Registration,Verified,2026-03-25,2026-03-30
DOC0188,CUST038,Shareholder Register,Pending,2026-03-22,
DOC0189,CUST038,UBO Declaration,Verified,2026-03-18,2026-03-22
DOC0190,CUST038,Proof of Address,Verified,2026-03-18,2026-03-23
DOC0191,CUST039,Certificate of Incorporation,Pending,2026-05-30,
DOC0192,CUST039,Business Registration,Verified,2026-05-23,2026-05-25
DOC0193,CUST039,Shareholder Register,Pending,2026-05-29,
DOC0194,CUST039,UBO Declaration,Verified,2026-05-25,2026-05-26
DOC0195,CUST039,Proof of Address,Verified,2026-05-30,2026-06-02
DOC0196,CUST040,Certificate of Incorporation,Rejected,2026-05-14,
DOC0197,CUST040,Business Registration,Pending,2026-05-18,
DOC0198,CUST040,Shareholder Register,Verified,2026-05-15,2026-05-16
DOC0199,CUST040,UBO Declaration,Rejected,2026-05-14,
DOC0200,CUST040,Proof of Address,Verified,2026-05-17,2026-05-21
DOC0201,CUST041,Certificate of Incorporation,Verified,2026-06-09,2026-06-13
DOC0202,CUST041,Business Registration,Verified,2026-06-12,2026-06-13
DOC0203,CUST041,Shareholder Register,Pending,2026-06-13,
DOC0204,CUST041,UBO Declaration,Verified,2026-06-05,2026-06-07
DOC0205,CUST041,Proof of Address,Rejected,2026-06-08,
DOC0206,CUST042,Certificate of Incorporation,Verified,2026-04-30,2026-05-01
DOC0207,CUST042,Business Registration,Verified,2026-05-03,2026-05-04
DOC0208,CUST042,Shareholder Register,Verified,2026-04-28,2026-05-02
DOC0209,CUST042,UBO Declaration,Verified,2026-04-29,2026-05-02
DOC0210,CUST042,Proof of Address,Verified,2026-04-27,2026-04-28
DOC0211,CUST043,Certificate of Incorporation,Verified,2026-05-09,2026-05-10
DOC0212,CUST043,Business Registration,Verified,2026-05-08,2026-05-11
DOC0213,CUST043,Shareholder Register,Verified,2026-05-09,2026-05-13
DOC0214,CUST043,UBO Declaration,Verified,2026-05-06,2026-05-08
DOC0215,CUST043,Proof of Address,Pending,2026-05-12,
DOC0216,CUST044,Certificate of Incorporation,Verified,2026-05-24,2026-05-29
DOC0217,CUST044,Business Registration,Verified,2026-05-20,2026-05-22
DOC0218,CUST044,Shareholder Register,Verified,2026-05-20,2026-05-21
DOC0219,CUST044,UBO Declaration,Pending,2026-05-27,
DOC0220,CUST044,Proof of Address,Verified,2026-05-24,2026-05-29
DOC0221,CUST045,Certificate of Incorporation,Verified,2026-05-15,2026-05-19
DOC0222,CUST045,Business Registration,Pending,2026-05-21,
DOC0223,CUST045,Shareholder Register,Verified,2026-05-14,2026-05-16
DOC0224,CUST045,UBO Declaration,Pending,2026-05-19,
DOC0225,CUST045,Proof of Address,Pending,2026-05-16,
DOC0226,CUST046,Certificate of Incorporation,Rejected,2026-07-05,
DOC0227,CUST046,Business Registration,Verified,2026-07-02,2026-07-03
DOC0228,CUST046,Shareholder Register,Verified,2026-07-05,2026-07-08
DOC0229,CUST046,UBO Declaration,Verified,2026-07-06,2026-07-08
DOC0230,CUST046,Proof of Address,Verified,2026-06-29,2026-07-03
DOC0231,CUST047,Certificate of Incorporation,Verified,2026-05-10,2026-05-15
DOC0232,CUST047,Business Registration,Verified,2026-05-09,2026-05-13
DOC0233,CUST047,Shareholder Register,Verified,2026-05-09,2026-05-13
DOC0234,CUST047,UBO Declaration,Verified,2026-05-09,2026-05-11
DOC0235,CUST047,Proof of Address,Verified,2026-05-11,2026-05-15
DOC0236,CUST048,Certificate of Incorporation,Rejected,2026-04-21,
DOC0237,CUST048,Business Registration,Verified,2026-04-23,2026-04-27
DOC0238,CUST048,Shareholder Register,Rejected,2026-04-29,
DOC0239,CUST048,UBO Declaration,Pending,2026-04-25,
DOC0240,CUST048,Proof of Address,Verified,2026-04-29,2026-05-02
DOC0241,CUST049,Certificate of Incorporation,Rejected,2026-03-18,
DOC0242,CUST049,Business Registration,Verified,2026-03-14,2026-03-18
DOC0243,CUST049,Shareholder Register,Pending,2026-03-18,
DOC0244,CUST049,UBO Declaration,Verified,2026-03-14,2026-03-19
DOC0245,CUST049,Proof of Address,Verified,2026-03-14,2026-03-19
DOC0246,CUST050,Certificate of Incorporation,Verified,2026-04-19,2026-04-22
DOC0247,CUST050,Business Registration,Pending,2026-04-15,
DOC0248,CUST050,Shareholder Register,Verified,2026-04-21,2026-04-24
DOC0249,CUST050,UBO Declaration,Verified,2026-04-15,2026-04-17
DOC0250,CUST050,Proof of Address,Pending,2026-04-21,
DOC0251,CUST051,Certificate of Incorporation,Pending,2026-06-06,
DOC0252,CUST051,Business Registration,Verified,2026-06-04,2026-06-05
DOC0253,CUST051,Shareholder Register,Verified,2026-06-02,2026-06-05
DOC0254,CUST051,UBO Declaration,Verified,2026-06-09,2026-06-10
DOC0255,CUST051,Proof of Address,Verified,2026-06-11,2026-06-14
DOC0256,CUST052,Certificate of Incorporation,Verified,2026-03-11,2026-03-12
DOC0257,CUST052,Business Registration,Verified,2026-03-13,2026-03-16
DOC0258,CUST052,Shareholder Register,Verified,2026-03-15,2026-03-17
DOC0259,CUST052,UBO Declaration,Verified,2026-03-12,2026-03-14
DOC0260,CUST052,Proof of Address,Verified,2026-03-17,2026-03-20
DOC0261,CUST053,Certificate of Incorporation,Verified,2026-07-04,2026-07-09
DOC0262,CUST053,Business Registration,Verified,2026-06-30,2026-07-02
DOC0263,CUST053,Shareholder Register,Verified,2026-06-30,2026-07-04
DOC0264,CUST053,UBO Declaration,Verified,2026-06-30,2026-07-03
DOC0265,CUST053,Proof of Address,Verified,2026-06-27,2026-07-01
DOC0266,CUST054,Certificate of Incorporation,Verified,2026-05-23,2026-05-25
DOC0267,CUST054,Business Registration,Verified,2026-05-25,2026-05-29
DOC0268,CUST054,Shareholder Register,Verified,2026-05-30,2026-06-02
DOC0269,CUST054,UBO Declaration,Rejected,2026-05-23,
DOC0270,CUST054,Proof of Address,Verified,2026-05-28,2026-05-29
DOC0271,CUST055,Certificate of Incorporation,Pending,2026-05-14,
DOC0272,CUST055,Business Registration,Rejected,2026-05-18,
DOC0273,CUST055,Shareholder Register,Verified,2026-05-11,2026-05-15
DOC0274,CUST055,UBO Declaration,Verified,2026-05-15,2026-05-18
DOC0275,CUST055,Proof of Address,Pending,2026-05-19,
DOC0276,CUST056,Certificate of Incorporation,Verified,2026-03-14,2026-03-17
DOC0277,CUST056,Business Registration,Verified,2026-03-09,2026-03-11
DOC0278,CUST056,Shareholder Register,Verified,2026-03-15,2026-03-16
DOC0279,CUST056,UBO Declaration,Verified,2026-03-17,2026-03-22
DOC0280,CUST056,Proof of Address,Verified,2026-03-13,2026-03-18
DOC0281,CUST057,Certificate of Incorporation,Pending,2026-06-25,
DOC0282,CUST057,Business Registration,Verified,2026-06-23,2026-06-27
DOC0283,CUST057,Shareholder Register,Verified,2026-06-26,2026-06-30
DOC0284,CUST057,UBO Declaration,Verified,2026-06-23,2026-06-25
DOC0285,CUST057,Proof of Address,Pending,2026-06-22,
DOC0286,CUST058,Certificate of Incorporation,Verified,2026-05-23,2026-05-26
DOC0287,CUST058,Business Registration,Verified,2026-05-30,2026-05-31
DOC0288,CUST058,Shareholder Register,Verified,2026-05-24,2026-05-26
DOC0289,CUST058,UBO Declaration,Verified,2026-05-31,2026-06-02
DOC0290,CUST058,Proof of Address,Verified,2026-05-29,2026-06-02
DOC0291,CUST059,Certificate of Incorporation,Pending,2026-03-16,
DOC0292,CUST059,Business Registration,Verified,2026-03-19,2026-03-23
DOC0293,CUST059,Shareholder Register,Pending,2026-03-20,
DOC0294,CUST059,UBO Declaration,Verified,2026-03-13,2026-03-17
DOC0295,CUST059,Proof of Address,Verified,2026-03-12,2026-03-16
DOC0296,CUST060,Certificate of Incorporation,Pending,2026-07-14,
DOC0297,CUST060,Business Registration,Verified,2026-07-11,2026-07-14
DOC0298,CUST060,Shareholder Register,Verified,2026-07-05,2026-07-08
DOC0299,CUST060,UBO Declaration,Verified,2026-07-08,2026-07-12
DOC0300,CUST060,Proof of Address,Verified,2026-07-12,2026-07-14
DOC0301,CUST061,Certificate of Incorporation,Verified,2026-05-15,2026-05-16
DOC0302,CUST061,Business Registration,Verified,2026-05-15,2026-05-20
DOC0303,CUST061,Shareholder Register,Verified,2026-05-15,2026-05-16
DOC0304,CUST061,UBO Declaration,Verified,2026-05-16,2026-05-19
DOC0305,CUST061,Proof of Address,Verified,2026-05-13,2026-05-14
DOC0306,CUST062,Certificate of Incorporation,Rejected,2026-03-21,
DOC0307,CUST062,Business Registration,Verified,2026-03-15,2026-03-17
DOC0308,CUST062,Shareholder Register,Verified,2026-03-23,2026-03-24
DOC0309,CUST062,UBO Declaration,Verified,2026-03-14,2026-03-17
DOC0310,CUST062,Proof of Address,Rejected,2026-03-17,
DOC0311,CUST063,Certificate of Incorporation,Pending,2026-04-28,
DOC0312,CUST063,Business Registration,Verified,2026-05-05,2026-05-07
DOC0313,CUST063,Shareholder Register,Verified,2026-04-27,2026-05-02
DOC0314,CUST063,UBO Declaration,Verified,2026-04-29,2026-05-04
DOC0315,CUST063,Proof of Address,Pending,2026-04-29,
DOC0316,CUST064,Certificate of Incorporation,Verified,2026-05-23,2026-05-26
DOC0317,CUST064,Business Registration,Rejected,2026-05-22,
DOC0318,CUST064,Shareholder Register,Verified,2026-05-29,2026-05-30
DOC0319,CUST064,UBO Declaration,Verified,2026-05-24,2026-05-26
DOC0320,CUST064,Proof of Address,Rejected,2026-05-22,
DOC0321,CUST065,Certificate of Incorporation,Verified,2026-06-30,2026-07-03
DOC0322,CUST065,Business Registration,Pending,2026-06-24,
DOC0323,CUST065,Shareholder Register,Verified,2026-06-23,2026-06-24
DOC0324,CUST065,UBO Declaration,Verified,2026-06-24,2026-06-25
DOC0325,CUST065,Proof of Address,Verified,2026-06-27,2026-06-29
DOC0326,CUST066,Certificate of Incorporation,Verified,2026-03-17,2026-03-20
DOC0327,CUST066,Business Registration,Rejected,2026-03-08,
DOC0328,CUST066,Shareholder Register,Rejected,2026-03-10,
DOC0329,CUST066,UBO Declaration,Verified,2026-03-12,2026-03-13
DOC0330,CUST066,Proof of Address,Pending,2026-03-10,
DOC0331,CUST067,Certificate of Incorporation,Rejected,2026-06-19,
DOC0332,CUST067,Business Registration,Verified,2026-06-21,2026-06-22
DOC0333,CUST067,Shareholder Register,Pending,2026-06-14,
DOC0334,CUST067,UBO Declaration,Rejected,2026-06-20,
DOC0335,CUST067,Proof of Address,Verified,2026-06-20,2026-06-23
DOC0336,CUST068,Certificate of Incorporation,Verified,2026-04-04,2026-04-09
DOC0337,CUST068,Business Registration,Verified,2026-03-28,2026-04-01
DOC0338,CUST068,Shareholder Register,Verified,2026-04-04,2026-04-06
DOC0339,CUST068,UBO Declaration,Pending,2026-04-05,
DOC0340,CUST068,Proof of Address,Verified,2026-03-27,2026-04-01
DOC0341,CUST069,Certificate of Incorporation,Verified,2026-06-14,2026-06-18
DOC0342,CUST069,Business Registration,Pending,2026-06-10,
DOC0343,CUST069,Shareholder Register,Verified,2026-06-10,2026-06-14
DOC0344,CUST069,UBO Declaration,Verified,2026-06-16,2026-06-20
DOC0345,CUST069,Proof of Address,Verified,2026-06-11,2026-06-15
DOC0346,CUST070,Certificate of Incorporation,Rejected,2026-07-09,
DOC0347,CUST070,Business Registration,Verified,2026-07-03,2026-07-04
DOC0348,CUST070,Shareholder Register,Verified,2026-07-07,2026-07-12
DOC0349,CUST070,UBO Declaration,Verified,2026-07-04,2026-07-05
DOC0350,CUST070,Proof of Address,Verified,2026-07-04,2026-07-07
DOC0351,CUST071,Certificate of Incorporation,Verified,2026-07-06,2026-07-11
DOC0352,CUST071,Business Registration,Verified,2026-07-05,2026-07-08
DOC0353,CUST071,Shareholder Register,Pending,2026-07-03,
DOC0354,CUST071,UBO Declaration,Pending,2026-07-06,
DOC0355,CUST071,Proof of Address,Verified,2026-07-05,2026-07-08
DOC0356,CUST072,Certificate of Incorporation,Verified,2026-07-09,2026-07-14
DOC0357,CUST072,Business Registration,Rejected,2026-07-11,
DOC0358,CUST072,Shareholder Register,Verified,2026-07-08,2026-07-09
DOC0359,CUST072,UBO Declaration,Verified,2026-07-03,2026-07-08
DOC0360,CUST072,Proof of Address,Verified,2026-07-05,2026-07-09
DOC0361,CUST073,Certificate of Incorporation,Pending,2026-07-08,
DOC0362,CUST073,Business Registration,Verified,2026-07-04,2026-07-08
DOC0363,CUST073,Shareholder Register,Pending,2026-07-06,
DOC0364,CUST073,UBO Declaration,Rejected,2026-07-08,
DOC0365,CUST073,Proof of Address,Pending,2026-07-07,
DOC0366,CUST074,Certificate of Incorporation,Verified,2026-04-02,2026-04-03
DOC0367,CUST074,Business Registration,Pending,2026-04-01,
DOC0368,CUST074,Shareholder Register,Rejected,2026-04-02,
DOC0369,CUST074,UBO Declaration,Verified,2026-04-01,2026-04-04
DOC0370,CUST074,Proof of Address,Verified,2026-04-01,2026-04-03
DOC0371,CUST075,Certificate of Incorporation,Pending,2026-04-30,
DOC0372,CUST075,Business Registration,Verified,2026-04-24,2026-04-25
DOC0373,CUST075,Shareholder Register,Verified,2026-04-24,2026-04-25
DOC0374,CUST075,UBO Declaration,Verified,2026-04-29,2026-04-30
DOC0375,CUST075,Proof of Address,Verified,2026-04-28,2026-04-30
DOC0376,CUST076,Certificate of Incorporation,Verified,2026-05-08,2026-05-09
DOC0377,CUST076,Business Registration,Pending,2026-05-09,
DOC0378,CUST076,Shareholder Register,Verified,2026-05-08,2026-05-13
DOC0379,CUST076,UBO Declaration,Verified,2026-05-05,2026-05-06
DOC0380,CUST076,Proof of Address,Pending,2026-05-06,
DOC0381,CUST077,Certificate of Incorporation,Verified,2026-03-15,2026-03-19
DOC0382,CUST077,Business Registration,Verified,2026-03-10,2026-03-13
DOC0383,CUST077,Shareholder Register,Verified,2026-03-19,2026-03-22
DOC0384,CUST077,UBO Declaration,Verified,2026-03-15,2026-03-16
DOC0385,CUST077,Proof of Address,Verified,2026-03-19,2026-03-24
DOC0386,CUST078,Certificate of Incorporation,Verified,2026-03-15,2026-03-17
DOC0387,CUST078,Business Registration,Pending,2026-03-19,
DOC0388,CUST078,Shareholder Register,Verified,2026-03-15,2026-03-16
DOC0389,CUST078,UBO Declaration,Verified,2026-03-17,2026-03-22
DOC0390,CUST078,Proof of Address,Rejected,2026-03-17,
DOC0391,CUST079,Certificate of Incorporation,Verified,2026-05-16,2026-05-19
DOC0392,CUST079,Business Registration,Verified,2026-05-24,2026-05-26
DOC0393,CUST079,Shareholder Register,Verified,2026-05-21,2026-05-26
DOC0394,CUST079,UBO Declaration,Verified,2026-05-24,2026-05-29
DOC0395,CUST079,Proof of Address,Pending,2026-05-23,
DOC0396,CUST080,Certificate of Incorporation,Pending,2026-04-11,
DOC0397,CUST080,Business Registration,Verified,2026-04-20,2026-04-23
DOC0398,CUST080,Shareholder Register,Verified,2026-04-11,2026-04-13
DOC0399,CUST080,UBO Declaration,Pending,2026-04-15,
DOC0400,CUST080,Proof of Address,Verified,2026-04-15,2026-04-18
DOC0401,CUST081,Certificate of Incorporation,Verified,2026-03-26,2026-03-27
DOC0402,CUST081,Business Registration,Verified,2026-03-23,2026-03-25
DOC0403,CUST081,Shareholder Register,Pending,2026-03-30,
DOC0404,CUST081,UBO Declaration,Pending,2026-03-27,
DOC0405,CUST081,Proof of Address,Verified,2026-03-22,2026-03-24
DOC0406,CUST082,Certificate of Incorporation,Pending,2026-03-27,
DOC0407,CUST082,Business Registration,Verified,2026-03-28,2026-04-02
DOC0408,CUST082,Shareholder Register,Verified,2026-03-30,2026-04-03
DOC0409,CUST082,UBO Declaration,Pending,2026-04-02,
DOC0410,CUST082,Proof of Address,Verified,2026-04-03,2026-04-06
DOC0411,CUST083,Certificate of Incorporation,Verified,2026-06-10,2026-06-13
DOC0412,CUST083,Business Registration,Verified,2026-06-12,2026-06-15
DOC0413,CUST083,Shareholder Register,Verified,2026-06-17,2026-06-22
DOC0414,CUST083,UBO Declaration,Verified,2026-06-09,2026-06-10
DOC0415,CUST083,Proof of Address,Verified,2026-06-10,2026-06-12
DOC0416,CUST084,Certificate of Incorporation,Verified,2026-04-21,2026-04-22
DOC0417,CUST084,Business Registration,Verified,2026-04-13,2026-04-16
DOC0418,CUST084,Shareholder Register,Verified,2026-04-19,2026-04-23
DOC0419,CUST084,UBO Declaration,Pending,2026-04-19,
DOC0420,CUST084,Proof of Address,Pending,2026-04-21,
DOC0421,CUST085,Certificate of Incorporation,Verified,2026-03-31,2026-04-04
DOC0422,CUST085,Business Registration,Pending,2026-03-28,
DOC0423,CUST085,Shareholder Register,Verified,2026-03-27,2026-04-01
DOC0424,CUST085,UBO Declaration,Verified,2026-03-25,2026-03-28
DOC0425,CUST085,Proof of Address,Verified,2026-03-30,2026-03-31
DOC0426,CUST086,Certificate of Incorporation,Verified,2026-05-10,2026-05-15
DOC0427,CUST086,Business Registration,Verified,2026-05-13,2026-05-18
DOC0428,CUST086,Shareholder Register,Verified,2026-05-10,2026-05-11
DOC0429,CUST086,UBO Declaration,Verified,2026-05-09,2026-05-13
DOC0430,CUST086,Proof of Address,Verified,2026-05-15,2026-05-16
DOC0431,CUST087,Certificate of Incorporation,Verified,2026-04-05,2026-04-07
DOC0432,CUST087,Business Registration,Verified,2026-04-09,2026-04-11
DOC0433,CUST087,Shareholder Register,Verified,2026-04-07,2026-04-10
DOC0434,CUST087,UBO Declaration,Verified,2026-04-09,2026-04-12
DOC0435,CUST087,Proof of Address,Verified,2026-04-06,2026-04-07
DOC0436,CUST088,Certificate of Incorporation,Verified,2026-04-20,2026-04-24
DOC0437,CUST088,Business Registration,Verified,2026-04-15,2026-04-17
DOC0438,CUST088,Shareholder Register,Rejected,2026-04-19,
DOC0439,CUST088,UBO Declaration,Verified,2026-04-21,2026-04-23
DOC0440,CUST088,Proof of Address,Pending,2026-04-21,
DOC0441,CUST089,Certificate of Incorporation,Verified,2026-04-02,2026-04-05
DOC0442,CUST089,Business Registration,Verified,2026-03-26,2026-03-30
DOC0443,CUST089,Shareholder Register,Verified,2026-03-25,2026-03-29
DOC0444,CUST089,UBO Declaration,Verified,2026-03-25,2026-03-29
DOC0445,CUST089,Proof of Address,Verified,2026-03-26,2026-03-29
DOC0446,CUST090,Certificate of Incorporation,Pending,2026-06-27,
DOC0447,CUST090,Business Registration,Verified,2026-06-24,2026-06-29
DOC0448,CUST090,Shareholder Register,Verified,2026-06-24,2026-06-28
DOC0449,CUST090,UBO Declaration,Verified,2026-06-22,2026-06-23
DOC0450,CUST090,Proof of Address,Verified,2026-06-24,2026-06-25
DOC0451,CUST091,Certificate of Incorporation,Pending,2026-03-28,
DOC0452,CUST091,Business Registration,Verified,2026-03-25,2026-03-30
DOC0453,CUST091,Shareholder Register,Rejected,2026-03-30,
DOC0454,CUST091,UBO Declaration,Verified,2026-03-28,2026-03-29
DOC0455,CUST091,Proof of Address,Pending,2026-03-29,
DOC0456,CUST092,Certificate of Incorporation,Verified,2026-03-18,2026-03-20
DOC0457,CUST092,Business Registration,Pending,2026-03-23,
DOC0458,CUST092,Shareholder Register,Rejected,2026-03-26,
DOC0459,CUST092,UBO Declaration,Pending,2026-03-23,
DOC0460,CUST092,Proof of Address,Verified,2026-03-25,2026-03-26
DOC0461,CUST093,Certificate of Incorporation,Verified,2026-04-21,2026-04-24
DOC0462,CUST093,Business Registration,Verified,2026-04-20,2026-04-22
DOC0463,CUST093,Shareholder Register,Verified,2026-04-20,2026-04-22
DOC0464,CUST093,UBO Declaration,Verified,2026-04-16,2026-04-21
DOC0465,CUST093,Proof of Address,Verified,2026-04-16,2026-04-21
DOC0466,CUST094,Certificate of Incorporation,Pending,2026-05-18,
DOC0467,CUST094,Business Registration,Pending,2026-05-13,
DOC0468,CUST094,Shareholder Register,Rejected,2026-05-15,
DOC0469,CUST094,UBO Declaration,Verified,2026-05-15,2026-05-17
DOC0470,CUST094,Proof of Address,Verified,2026-05-13,2026-05-14
DOC0471,CUST095,Certificate of Incorporation,Verified,2026-05-28,2026-05-31
DOC0472,CUST095,Business Registration,Verified,2026-05-29,2026-05-31
DOC0473,CUST095,Shareholder Register,Pending,2026-06-04,
DOC0474,CUST095,UBO Declaration,Rejected,2026-05-28,
DOC0475,CUST095,Proof of Address,Verified,2026-05-27,2026-05-29
DOC0476,CUST096,Certificate of Incorporation,Verified,2026-04-15,2026-04-19
DOC0477,CUST096,Business Registration,Verified,2026-04-17,2026-04-22
DOC0478,CUST096,Shareholder Register,Pending,2026-04-15,
DOC0479,CUST096,UBO Declaration,Pending,2026-04-17,
DOC0480,CUST096,Proof of Address,Verified,2026-04-17,2026-04-20
DOC0481,CUST097,Certificate of Incorporation,Pending,2026-05-29,
DOC0482,CUST097,Business Registration,Verified,2026-05-26,2026-05-30
DOC0483,CUST097,Shareholder Register,Verified,2026-05-25,2026-05-29
DOC0484,CUST097,UBO Declaration,Verified,2026-05-31,2026-06-03
DOC0485,CUST097,Proof of Address,Verified,2026-05-28,2026-06-02
DOC0486,CUST098,Certificate of Incorporation,Verified,2026-05-13,2026-05-16
DOC0487,CUST098,Business Registration,Verified,2026-05-21,2026-05-22
DOC0488,CUST098,Shareholder Register,Verified,2026-05-17,2026-05-21
DOC0489,CUST098,UBO Declaration,Verified,2026-05-20,2026-05-21
DOC0490,CUST098,Proof of Address,Verified,2026-05-13,2026-05-16
DOC0491,CUST099,Certificate of Incorporation,Verified,2026-05-09,2026-05-10
DOC0492,CUST099,Business Registration,Rejected,2026-05-06,
DOC0493,CUST099,Shareholder Register,Verified,2026-05-14,2026-05-19
DOC0494,CUST099,UBO Declaration,Verified,2026-05-13,2026-05-17
DOC0495,CUST099,Proof of Address,Pending,2026-05-12,
DOC0496,CUST100,Certificate of Incorporation,Verified,2026-03-22,2026-03-27
DOC0497,CUST100,Business Registration,Verified,2026-03-13,2026-03-17
DOC0498,CUST100,Shareholder Register,Pending,2026-03-22,
DOC0499,CUST100,UBO Declaration,Verified,2026-03-16,2026-03-19
DOC0500,CUST100,Proof of Address,Verified,2026-03-22,2026-03-26
DOC0501,CUST101,Certificate of Incorporation,Verified,2026-06-09,2026-06-11
DOC0502,CUST101,Business Registration,Verified,2026-06-01,2026-06-05
DOC0503,CUST101,Shareholder Register,Pending,2026-06-02,
DOC0504,CUST101,UBO Declaration,Pending,2026-06-06,
DOC0505,CUST101,Proof of Address,Verified,2026-06-02,2026-06-07
DOC0506,CUST102,Certificate of Incorporation,Verified,2026-04-13,2026-04-14
DOC0507,CUST102,Business Registration,Verified,2026-04-14,2026-04-18
DOC0508,CUST102,Shareholder Register,Verified,2026-04-18,2026-04-23
DOC0509,CUST102,UBO Declaration,Verified,2026-04-19,2026-04-24
DOC0510,CUST102,Proof of Address,Verified,2026-04-13,2026-04-16
DOC0511,CUST103,Certificate of Incorporation,Verified,2026-05-03,2026-05-06
DOC0512,CUST103,Business Registration,Verified,2026-05-04,2026-05-08
DOC0513,CUST103,Shareholder Register,Verified,2026-05-03,2026-05-08
DOC0514,CUST103,UBO Declaration,Verified,2026-04-28,2026-05-01
DOC0515,CUST103,Proof of Address,Verified,2026-04-29,2026-05-02
DOC0516,CUST104,Certificate of Incorporation,Pending,2026-05-13,
DOC0517,CUST104,Business Registration,Rejected,2026-05-20,
DOC0518,CUST104,Shareholder Register,Pending,2026-05-18,
DOC0519,CUST104,UBO Declaration,Rejected,2026-05-16,
DOC0520,CUST104,Proof of Address,Verified,2026-05-16,2026-05-21
DOC0521,CUST105,Certificate of Incorporation,Verified,2026-05-20,2026-05-23
DOC0522,CUST105,Business Registration,Verified,2026-05-19,2026-05-24
DOC0523,CUST105,Shareholder Register,Verified,2026-05-20,2026-05-23
DOC0524,CUST105,UBO Declaration,Verified,2026-05-22,2026-05-26
DOC0525,CUST105,Proof of Address,Verified,2026-05-20,2026-05-25
DOC0526,CUST106,Certificate of Incorporation,Verified,2026-03-31,2026-04-03
DOC0527,CUST106,Business Registration,Verified,2026-04-07,2026-04-11
DOC0528,CUST106,Shareholder Register,Verified,2026-04-04,2026-04-06
DOC0529,CUST106,UBO Declaration,Verified,2026-04-07,2026-04-08
DOC0530,CUST106,Proof of Address,Verified,2026-04-05,2026-04-10
DOC0531,CUST107,Certificate of Incorporation,Verified,2026-06-30,2026-07-01
DOC0532,CUST107,Business Registration,Rejected,2026-06-30,
DOC0533,CUST107,Shareholder Register,Rejected,2026-06-29,
DOC0534,CUST107,UBO Declaration,Pending,2026-06-27,
DOC0535,CUST107,Proof of Address,Verified,2026-06-28,2026-07-01
DOC0536,CUST108,Certificate of Incorporation,Rejected,2026-04-20,
DOC0537,CUST108,Business Registration,Verified,2026-04-16,2026-04-18
DOC0538,CUST108,Shareholder Register,Verified,2026-04-15,2026-04-17
DOC0539,CUST108,UBO Declaration,Rejected,2026-04-14,
DOC0540,CUST108,Proof of Address,Pending,2026-04-17,
DOC0541,CUST109,Certificate of Incorporation,Verified,2026-03-21,2026-03-26
DOC0542,CUST109,Business Registration,Verified,2026-03-28,2026-04-02
DOC0543,CUST109,Shareholder Register,Rejected,2026-03-20,
DOC0544,CUST109,UBO Declaration,Rejected,2026-03-25,
DOC0545,CUST109,Proof of Address,Rejected,2026-03-29,
DOC0546,CUST110,Certificate of Incorporation,Verified,2026-05-08,2026-05-13
DOC0547,CUST110,Business Registration,Verified,2026-05-12,2026-05-14
DOC0548,CUST110,Shareholder Register,Verified,2026-05-08,2026-05-10
DOC0549,CUST110,UBO Declaration,Verified,2026-05-15,2026-05-17
DOC0550,CUST110,Proof of Address,Verified,2026-05-13,2026-05-14
DOC0551,CUST111,Certificate of Incorporation,Pending,2026-06-09,
DOC0552,CUST111,Business Registration,Verified,2026-06-08,2026-06-10
DOC0553,CUST111,Shareholder Register,Verified,2026-06-10,2026-06-15
DOC0554,CUST111,UBO Declaration,Pending,2026-06-07,
DOC0555,CUST111,Proof of Address,Pending,2026-06-10,
DOC0556,CUST112,Certificate of Incorporation,Verified,2026-06-25,2026-06-30
DOC0557,CUST112,Business Registration,Verified,2026-06-25,2026-06-28
DOC0558,CUST112,Shareholder Register,Verified,2026-06-29,2026-07-01
DOC0559,CUST112,UBO Declaration,Pending,2026-06-27,
DOC0560,CUST112,Proof of Address,Verified,2026-07-01,2026-07-05
DOC0561,CUST113,Certificate of Incorporation,Verified,2026-04-12,2026-04-15
DOC0562,CUST113,Business Registration,Verified,2026-04-11,2026-04-16
DOC0563,CUST113,Shareholder Register,Verified,2026-04-13,2026-04-17
DOC0564,CUST113,UBO Declaration,Verified,2026-04-07,2026-04-09
DOC0565,CUST113,Proof of Address,Verified,2026-04-14,2026-04-16
DOC0566,CUST114,Certificate of Incorporation,Verified,2026-04-02,2026-04-03
DOC0567,CUST114,Business Registration,Verified,2026-04-05,2026-04-08
DOC0568,CUST114,Shareholder Register,Pending,2026-04-06,
DOC0569,CUST114,UBO Declaration,Verified,2026-03-30,2026-04-04
DOC0570,CUST114,Proof of Address,Pending,2026-03-30,
DOC0571,CUST115,Certificate of Incorporation,Verified,2026-07-04,2026-07-05
DOC0572,CUST115,Business Registration,Verified,2026-07-02,2026-07-05
DOC0573,CUST115,Shareholder Register,Rejected,2026-07-07,
DOC0574,CUST115,UBO Declaration,Verified,2026-07-08,2026-07-10
DOC0575,CUST115,Proof of Address,Rejected,2026-07-06,
DOC0576,CUST116,Certificate of Incorporation,Verified,2026-05-03,2026-05-05
DOC0577,CUST116,Business Registration,Verified,2026-05-09,2026-05-12
DOC0578,CUST116,Shareholder Register,Verified,2026-05-02,2026-05-06
DOC0579,CUST116,UBO Declaration,Verified,2026-05-02,2026-05-06
DOC0580,CUST116,Proof of Address,Verified,2026-05-10,2026-05-13
DOC0581,CUST117,Certificate of Incorporation,Verified,2026-05-14,2026-05-18
DOC0582,CUST117,Business Registration,Rejected,2026-05-12,
DOC0583,CUST117,Shareholder Register,Verified,2026-05-16,2026-05-18
DOC0584,CUST117,UBO Declaration,Verified,2026-05-11,2026-05-14
DOC0585,CUST117,Proof of Address,Verified,2026-05-12,2026-05-15
DOC0586,CUST118,Certificate of Incorporation,Verified,2026-04-05,2026-04-07
DOC0587,CUST118,Business Registration,Verified,2026-04-03,2026-04-06
DOC0588,CUST118,Shareholder Register,Pending,2026-04-10,
DOC0589,CUST118,UBO Declaration,Verified,2026-04-05,2026-04-09
DOC0590,CUST118,Proof of Address,Verified,2026-04-10,2026-04-15
DOC0591,CUST119,Certificate of Incorporation,Verified,2026-03-22,2026-03-23
DOC0592,CUST119,Business Registration,Verified,2026-03-22,2026-03-25
DOC0593,CUST119,Shareholder Register,Pending,2026-03-25,
DOC0594,CUST119,UBO Declaration,Pending,2026-03-24,
DOC0595,CUST119,Proof of Address,Rejected,2026-03-30,
DOC0596,CUST120,Certificate of Incorporation,Verified,2026-03-24,2026-03-29
DOC0597,CUST120,Business Registration,Verified,2026-03-21,2026-03-22
DOC0598,CUST120,Shareholder Register,Verified,2026-03-19,2026-03-21
DOC0599,CUST120,UBO Declaration,Verified,2026-03-19,2026-03-20
DOC0600,CUST120,Proof of Address,Rejected,2026-03-15,
